{"noiseKey":{"private":{"type":"Buffer","data":"ENR0FbzoZoWN1TTQUp+BgrGQBvXi1k0Ya4JalFUC2WI="},"public":{"type":"Buffer","data":"EcveEvg8Mx6egVh9+Cz09LEZkzMaGRqVwswfMyCRKzI="}},"pairingEphemeralKeyPair":{"private":{"type":"Buffer","data":"YGZlZnHcmRDISXiq4wDf7rbmjBGO9upjfQPLp6AOWWY="},"public":{"type":"Buffer","data":"RRs6Lm3RDOT9jld6IOgnqy1nI7IXR1IoKlpjJSScvE0="}},"signedIdentityKey":{"private":{"type":"Buffer","data":"eNSkPZ9HLo8tV3YUbqkOUFniKPXq0Z7NMF6XjI62IW4="},"public":{"type":"Buffer","data":"K7TmdQJZIGGMvfr8f4YWm4+3XlnQH3+3E/N0wLtsUmw="}},"signedPreKey":{"keyPair":{"private":{"type":"Buffer","data":"KF2dToCv8i8dVrgcNcOVsMwWuNVq3UEzK4iAuUMpOXE="},"public":{"type":"Buffer","data":"MWq7ByDwmDSRLaKQCWYOTyFo+oFEoM39Irt1i2RWMVQ="}},"signature":{"type":"Buffer","data":"4b6AlZW2OmbaUEYtazhr8SJsth9kjkyD0KIivpkdc6MdvIwWgWQmKBE2EwJYyDLQ4XLBkK09xeV7olBs6Ydwiw=="},"keyId":1},"registrationId":70,"advSecretKey":"LdRkoKY9RRWKiT4P1OADZjL4Y8aLKNFlcSG57vvFNU0=","processedHistoryMessages":[{"key":{"remoteJid":"212635690684@s.whatsapp.net","fromMe":true,"id":"BA771966966F98F7C2CED985ABFC2E66"},"messageTimestamp":1718330895},{"key":{"remoteJid":"212635690684@s.whatsapp.net","fromMe":true,"id":"3AE26787819B3CD2CD57CDF98D4C3E17"},"messageTimestamp":1718330895},{"key":{"remoteJid":"212635690684@s.whatsapp.net","fromMe":true,"id":"DF485F22A5C0DA1C4AD3F0A2869100F0"},"messageTimestamp":1718330897},{"key":{"remoteJid":"212635690684@s.whatsapp.net","fromMe":true,"id":"E583F900BDF25EAE45549F98854782F1"},"messageTimestamp":1718330897}],"nextPreKeyId":31,"firstUnuploadedPreKeyId":31,"accountSyncCounter":1,"accountSettings":{"unarchiveChats":false},"deviceId":"SYCVT2CiSE64Q1wc-q-YJQ","phoneId":"92aeb3ea-a4dc-415f-9904-69571727726c","identityId":{"type":"Buffer","data":"jgAi1NJR5ZqOEBoyZ5mFYI5gWHQ="},"registered":true,"backupToken":{"type":"Buffer","data":"dxZ4X3R30u0/NV3yA8eLwxPm7Ks="},"registration":{},"pairingCode":"8NB8TPZS","me":{"id":"212635690684:3@s.whatsapp.net","name":"N I U R"},"account":{"details":"CL/GgoUCEIvMrrMGGAIgACgA","accountSignatureKey":"IwEIe0HnCFOJXTITO9Skr+BGdf5DVgqVc5nXLdBzAFo=","accountSignature":"pCMz55YctNZOuzqBL5AlRVwTfyQurcfopFTqZUdv3/VOBZaHNqiBUsvii+B6ytINt8MzAP/Hqj0MFuXdM05BCA==","deviceSignature":"/QK9ULdJRTVT+FhueUjhYNF3YvfgmoAGxso6NTM1lXOe7e4nh3Dcst8NkiZM30aEVNsldrbF+QvxNkEgIAtihQ=="},"signalIdentities":[{"identifier":{"name":"212635690684:3@s.whatsapp.net","deviceId":0},"identifierKey":{"type":"Buffer","data":"BSMBCHtB5whTiV0yEzvUpK/gRnX+Q1YKlXOZ1y3QcwBa"}}],"platform":"android","lastAccountSyncTimestamp":1718330894,"myAppStateKeyId":"AAAAAPdk"}
